filename,tensors,different_indices,hadamard_products,edges,hyperedges,tensors_in_largest_hyperedge,tensors_with_traces_or_diagonals,independent_components,tensors_in_largest_component,smallest_dimension_size,largest_dimension_size,log2_output_size,file_size_in_mb,dtype,opt_flops_path_size_log2,opt_flops_path_flops_log10,opt_flops_min_density,opt_flops_avg_density,opt_size_path_size_log2,opt_size_path_flops_log10,opt_size_min_density,opt_size_avg_density,sum_output
mc_2023_arjun_117,6267,1280,2411,1274,1268,432,0,4,3853,2,2,0.0,1.1576080322265625,float64,23.0,9.791938783240596,0.00015544891357421875,0.20230155914677295,23.0,10.011499135300756,0.000732421875,0.23567615571683792,2.941141238120607e+24
qc_qft_27,405,54,0,27,26,28,0,27,28,2,2,27.0,0.04251670837402344,complex128,27.0,9.127910620726158,0.5,0.9998342462084406,27.0,9.127906381567271,0.5,0.9998754858970642,(11585.237502960365+0j)
mc_2022_087,7345,2642,1024,2609,2416,104,0,6,5752,2,2,0.0,0.7111949920654297,float64,27.0,10.897290311961639,2.682209014892578e-07,0.00032704867273467437,26.0,11.199984450821503,5.364418029785156e-07,0.001137968908196102,1.5541351130568827e+85
qc_rand_google53_25_50,1725,2175,0,2150,0,0,0,1,1725,2,2,25.0,0.1815652847290039,complex64,25.0,10.965711805402387,0.25,0.9999995216510899,25.0,10.96789015644809,0.375,0.999999701605007,(0.5080955-1.2784382j)
lm_batch_likelihood_brackets_4_16d,84,105,0,104,0,0,0,2,42,7,1996,10.96289600533726,4.7832841873168945,float64,29.770250927394866,11.695286547422013,1.0,1.0,26.96289600533726,11.835785551523927,1.0,1.0,2.3570674658351176e+74
qc_rand_google53_26_15,560,704,0,678,0,0,0,1,560,2,2,26.0,0.08828926086425781,complex128,26.0,10.542545402374792,0.375,0.9999995253079347,26.0,10.544325497406389,0.375,0.9999995013279999,(-0.23111829543192952-1.018665061981478j)
mc_2022_079,3893,1543,850,1542,1286,15,0,10,2018,2,2,0.0,0.38362598419189453,float64,12.0,6.626903865782277,0.00439453125,0.044506044506044506,11.0,6.628804733956672,0.00439453125,0.0457613000505181,1.4334366309888187e+104
qc_circuits-8,1655,1818,0,1818,0,0,0,2,830,2,2,0.0,0.21939373016357422,complex128,20.0,8.431166260031874,0.375,0.9999000224122786,19.0,8.4644285928919,0.375,0.9999027761843371,(1.464625052865391e-07+2.1339255743149856e-07j)
wmc_2022_060,6473,3268,2083,1280,675,13,0,1989,2402,2,2,0.0,0.6437454223632812,float64,26.0,10.37761041465155,0.00023031234741210938,0.009917300662639371,26.0,10.380342796382756,0.0703125,0.9999453753738287,7.92096e-319
mc_2021_027,331,119,0,119,116,16,0,1,331,2,2,0.0,0.021689414978027344,int16,23.0,8.618455970310269,6.103515625e-05,0.0021647361503262506,23.0,8.594576276642494,6.103515625e-05,0.0021289264280363093,12288
qc_qft_30,495,60,0,30,29,31,0,30,31,2,2,30.0,0.037403106689453125,complex64,30.0,10.030929508341805,0.5,0.9999738263851455,30.0,10.030931620002209,0.5,0.9999345758369066,(32767.998+0j)
mc_2022_085,4974,1080,2019,1076,955,70,0,2,2948,2,2,0.0,0.5674619674682617,int64,31.0,11.487732514764541,0.00048828125,0.20167107617524377,29.0,11.49010586902,0.001953125,0.1993355005979538,1125899906842624
mc_rw_or-70-5-6-UC-10,354,139,0,139,139,18,0,1,354,2,2,0.0,0.04334545135498047,int64,30.0,10.599105350758787,0.0078125,0.707709863358765,28.0,11.744250282711308,0.0078125,0.5124460458755493,135107988821114880
lm_first_last_sentence_4_18c,52,88,0,86,0,0,0,1,52,11,18,6.918863237274595,23.55593490600586,complex128,31.93841324592847,13.325396197858119,1.0,1.0,29.189475010096185,13.363355534248079,1.0,1.0,(-1.554619445872741e+99-8.448051402251101e+97j)
str_matrix_chain_multiplication_100,100,101,0,99,0,0,0,1,100,21,511,17.263195831184003,52.23494625091553,float64,17.263195831184003,8.484359765002877,1.0,1.0,17.263195831184003,8.484359765002877,1.0,1.0,68221.10762935794
mc_2021_036,9553,3597,1533,3564,3211,104,0,12,6152,2,2,0.0,0.9368190765380859,float64,30.0,11.641511561825656,1.4118850231170654e-06,0.0003611246062963479,29.0,11.746242894088194,2.294778823852539e-06,0.0005449318548034154,1.6209045006017224e+178
mc_2023_arjun_071,1676,233,235,233,233,124,0,1,1441,2,2,0.0,3.21622371673584,int64,31.0,11.54542041354617,0.0012529408559203148,0.14155805596386023,29.0,12.428170399009995,0.00020107626914978027,0.03445074422099836,429376498505456216
qc_rand_supremacy2d_4_4_100,816,359,0,331,323,7,0,1,816,2,2,28.0,0.06079578399658203,complex64,29.0,11.277121055756488,0.5,0.9741801240227465,28.0,11.36068637062404,0.5,0.9999999820206953,(56.24904-43.047867j)
mc_2020_arjun_061,1354,343,213,289,265,103,0,1,1141,2,2,0.0,11.972338676452637,float64,28.0,10.620041190949667,0.0009764432907104492,0.5457978444763222,29.0,11.569710857270318,0.00054931640625,0.09383599311604186,2.4510819645827912e+55
mc_2020_arjun_115,1744,249,242,249,249,146,0,1,1502,2,2,0.0,2.9884042739868164,float64,30.0,11.129093613258588,0.000645756721496582,0.1253330151971751,29.0,11.444014790694345,0.0017578601837158203,0.03209237699288237,1.8006111152853914e+19
str_nw_ftps_open_28,28,55,0,27,0,0,0,1,28,2,16,28.0,0.017118453979492188,float64,28.0,9.045253961953513,1.0,1.0,28.0,9.045253961953513,1.0,1.0,3.946266808609923e+16
lm_first_last_sentence_4_14c,52,88,0,86,0,0,0,1,52,11,14,6.918863237274595,10.901552200317383,complex128,26.651484454403228,12.284616864594874,1.0,1.0,26.651484454403228,12.284616864594874,1.0,1.0,(-2.293445098734569e+91+8.535129861936901e+89j)
qc_circuits-42,1760,1944,0,1944,0,0,0,1,1760,2,2,0.0,0.2353687286376953,complex128,26.0,10.287305070199777,0.375,0.9999979140786841,26.0,10.28484774829844,0.375,0.9999953569183423,(-1.4171736010607545e-07-9.393994298591356e-07j)
qc_circuit_patch_n53_m16_s10_e28_pABCDCDAB,2534,2797,0,2797,0,0,0,2,1286,2,2,0.0,0.2716655731201172,complex128,27.0,10.634168975239739,0.375,0.9999994835896436,26.0,10.6654762123772,0.375,0.9999981439428447,(-4.470290767972529e-09+2.584658359022196e-10j)
mc_2022_arjun_069,893,260,12,255,251,22,0,5,639,2,2,0.0,0.16605567932128906,int64,35.0,12.117384332681295,0.00857,0.02882,31.0,12.952453862585216,7.954984903335571e-05,0.11506527662277222,413881067600
mc_2020_arjun_102,1205,309,204,258,231,103,0,1,1001,2,2,0.0,3.5379858016967773,float64,26.0,10.06912068869278,0.0009765625,0.06995116067802506,26.0,10.08696927903431,0.0009765625,0.47604394939542927,9.563864305370718e+52
qc_circuits-18,2235,2472,0,2472,0,0,0,1,2235,2,2,0.0,0.20688819885253906,complex64,31.0,11.987695680150146,0.375,0.9963869498936829,30.0,13.261319523102962,0.375,0.9999998327157499,(2.3967436e-08-2.8553206e-08j)
lm_batch_likelihood_sentence_4_16d,84,105,0,104,0,0,0,2,42,11,1900,10.89178370321831,6.6289873123168945,float64,26.89178370321831,11.81515240001091,1.0,1.0,26.89178370321831,11.81515240001091,1.0,1.0,1.965782194418648e+74
wmc_2021_061,8555,3318,1029,3285,2878,104,0,13,5747,2,2,0.0,0.8204030990600586,float64,28.0,11.0130159138055,5.960464477539062e-07,0.0005947453538544042,26.0,11.884808340497447,7.286667823791504e-06,0.043144420745749805,6.2004835215252245e+124
lm_batch_likelihood_sentence_3_12d,38,45,0,44,0,0,0,2,19,11,1100,10.103287808412022,1.375178337097168,float64,20.85817531057549,9.197547186568583,1.0,1.0,20.85817531057549,9.197547186568583,1.0,1.0,4.051645590213407e+26
str_mps_varying_inner_product_200,200,298,0,298,0,0,0,1,200,11,127,0.0,40.79771900177002,float64,15.484539713659338,8.30596592550825,1.0,1.0,15.484539713659338,8.30596592550825,1.0,1.0,4.532706089658293e+94
mc_2020_082,195372,140422,20220,13171,13171,462,0,127252,47901,2,2,0.0,17.938753128051758,float64,24.0,10.592546920927223,6.103515625e-05,0.08641561898501199,24.0,10.673718052750871,6.103515625e-05,0.0851514960243366,1.8446744073709552e+19
qc_rand_google53_27_20,767,967,0,940,0,0,0,1,767,2,2,27.0,0.07987499237060547,complex64,27.0,11.069168582494324,0.375,0.9999998145591111,27.0,11.070757945844065,0.375,0.9999998119983217,(-0.3824222+0.7325794j)
lm_batch_likelihood_sentence_4_20d,84,105,0,104,0,0,0,2,42,11,1900,10.89178370321831,10.825034141540527,float64,31.638927701405056,12.33819725103326,1.0,1.0,28.17949608276776,12.394334413383207,1.0,1.0,2.0939667490095177e+81
qc_variational_30,420,120,210,90,61,4,0,31,180,2,2,30.0,0.02964305877685547,complex64,30.0,10.411237095868366,9.313225746154785e-10,8.524588779886366e-07,30.0,10.429000694028076,9.313225746154785e-10,6.824233656796314e-07,(1+0j)
str_nw_peps_open_30,30,79,0,49,0,0,0,1,30,2,16,30.0,0.2125091552734375,float64,31.32192809488736,11.97923394221019,1.0,1.0,30.0,12.093358203458566,1.0,1.0,8.216078960225144e+29
lm_batch_likelihood_sentence_5_16c,178,229,0,228,0,0,0,2,89,11,3500,11.77313920671969,77.46821403503418,complex128,31.77313920671969,13.869678601575849,1.0,1.0,31.77313920671969,13.871221202254096,1.0,1.0,(2.6502075940244773e+182+6.273451557362208e+183j)
mc_2022_025,2900,1201,1038,637,395,51,92,1,1862,2,2,0.0,0.24551010131835938,float64,27.0,9.852226580618943,0.00110626220703125,0.008484601773602373,26.0,9.928280108417427,0.0009961128234863281,0.004529801366292519,9.953536480433251e+119
qc_variational_31,434,124,217,93,63,4,0,32,186,2,2,31.0,0.03066253662109375,complex64,31.0,10.72996237122909,4.656612873077393e-10,2.2590565887649007e-07,31.0,10.747200539118639,4.656612873077393e-10,2.1553149335315854e-07,(1+0j)
gm_pedigree38,724,724,0,531,348,8,0,3,706,1,5,0.0,0.13032245635986328,float64,27.568668693380506,10.348414337400357,0.025,0.16800270136782705,25.398743691938193,10.954841639550873,0.0077777777777777776,0.21427118945632626,5.6461474997486405e-55
str_matrix_chain_multiplication_1000,1000,1001,0,999,0,0,0,1,1000,16,128,12.106562940444883,41.037049293518066,float64,12.106562940444883,8.323511151249154,1.0,1.0,12.106562940444883,8.32479585828316,1.0,1.0,1924094.2037392287
str_ctg_regular_04,200,300,0,300,0,0,0,1,200,2,3,0.0,0.02175140380859375,float32,30.339850002884624,11.367189132007436,1.0,1.0,28.019550008653873,12.381434114403344,1.0,1.0,811.6815
mc_2021_arjun_179,1811,441,172,388,345,104,0,1,1639,2,2,0.0,3.307133674621582,float64,28.0,10.14548792111311,0.00982666015625,0.7588583580228547,28.0,10.29167719653255,0.01129150390625,0.5285812020301819,4.4154722450083675e+71
qc_maxcut_n25_r4_p4,350,525,0,525,0,0,0,1,350,2,2,0.0,0.012419700622558594,complex128,25.0,10.420755531601301,0.125,0.9965556555398288,25.0,10.422735882282076,0.0625,0.9994778789581649,(5.113131114157444e-07+3.754281024294049e-05j)
lm_batch_likelihood_sentence_4_16c,84,105,0,104,0,0,0,2,42,11,1900,10.89178370321831,26.507258415222168,complex128,26.89178370321831,11.81515240001091,1.0,1.0,26.89178370321831,11.81515240001091,1.0,1.0,(-1.2741496037507038e+82+1.6184127812862282e+81j)
mc_2021_arjun_031,1361,349,426,328,282,160,0,3,882,2,2,0.0,69.40249538421631,float64,32.0,12.769673320213583,0.001017734408378601,0.37747976786660375,31.0,13.00176502302447,0.00042939186096191406,0.624626636505127,3.653642589601267e+48
gm_1fas,177,55,0,52,47,17,0,5,171,2,81,0.0,1.1135616302490234,float64,28.529325012980813,11.032310770434533,0.8666312741141576,0.9054462368178329,26.944362512259655,12.233353719385622,0.8669397606382144,0.9401060302188708,4.7756732680168695e-34
gm_1kp6,220,64,0,62,56,14,0,3,218,3,81,0.0,0.4257087707519531,float64,27.774437510817343,10.402083659642472,0.6666666666666666,0.9661092670582143,26.189475010096185,10.679348123454295,0.5925925970077515,0.9912420511245728,7.287527128063569e-46
str_ctg_regular_01,34,85,0,85,0,0,0,1,34,2,6,0.0,0.10586071014404297,float32,31.153631194101663,11.626237777013165,1.0,1.0,28.568668693380506,12.38427710476041,1.0,1.0,6.8210683
mc_rw_s510_15_7,948,340,192,330,276,25,0,1,756,2,2,0.0,0.06799602508544922,int32,32.0,11.485426219086406,1.3113021850585938e-05,0.0012262575293831574,31.0,11.882809348184551,3.24249267578125e-05,0.003187039759469261,15073280
mc_rw_blasted_case3,1110,294,455,284,252,26,21,1,655,2,2,0.0,0.08884239196777344,int32,29.0,10.42988881286464,0.0001373291015625,0.1147048843121992,26.0,11.754283980792652,0.000148773193359375,0.054881248623132706,4194304
mc_2023_186,8286,4605,1182,1285,1263,319,0,3307,3780,2,2,0.0,5.336441993713379,float64,28.0,11.212889575732138,0.00017690658569335938,0.02277416432977231,27.0,11.461681753197622,0.00014257431030273438,0.029542139859642456,9.223372056182129e+18
mc_2023_151,18764,6221,1404,6217,6126,947,0,8,13464,2,2,0.0,1.803685188293457,float64,33.0,12.47192868814909,0.00014495849609375,0.124405637383461,29.0,12.845128873777323,0.00048828125,0.16591719076523007,1.7014117973674616e+38
qc_circuits-35,2170,2394,0,2394,0,0,0,1,2170,2,2,0.0,0.29053688049316406,complex128,25.0,9.691553600636276,0.375,0.999979887128371,23.0,9.84805333469636,0.375,0.9957951871077375,(4.954368896180283e-09-1.4673808473769864e-08j)
str_ctg_regular_03,150,225,0,225,0,0,0,1,150,2,5,0.0,0.032355308532714844,float32,31.171553102098922,11.689145496672666,1.0,1.0,28.43458750793272,12.97985539240002,1.0,1.0,99.73962
qc_circuit_n53_m20_s5_e22_pABCDCDAB,3206,3561,0,3561,0,0,0,1,3206,2,2,0.0,0.3421621322631836,complex128,27.0,11.030738319652633,0.375,0.9999966365365253,27.0,11.052866302147178,0.375,0.9999811708816064,(-3.2988109748928264e-09+2.4557527417231326e-08j)
mc_2022_arjun_037,653,290,67,262,244,48,0,3,361,2,2,0.0,108.31660175323486,float64,36.0,11.917057092447727,0.0050113024190068245,0.006424425169825554,28.0,12.041572897512674,0.021117687225341797,0.7781014486540055,2.6154590606738294e+56
rnd_mixed_09,1000,1025,0,1000,21,6,15,1,1000,2,8,26.720671786825555,39.617634773254395,float32,31.14720492494223,11.109031126149192,1.0,1.0,29.317129926384542,13.018467796705409,1.0,1.0,0.004881742
gm_myciel5g_3_wcsp,236,47,0,47,47,23,0,1,236,3,3,0.0,0.02704620361328125,float64,30.114287513701967,10.70992626634095,1.0,1.0,30.114287513701967,10.62014469503593,1.0,1.0,6.068444148779573e-62
mc_rw_blasted_TR_b14_1_linear,3950,1287,1362,1258,1118,129,7,1,2588,2,2,0.0,0.4132566452026367,float64,32.0,11.848231093864847,3.7997961044311523e-07,0.07510768795967677,31.0,13.849756053209093,2.0153820514678955e-06,0.062364231795072556,1.0141204801825834e+31
rnd_mixed_08,500,520,0,500,365,6,202,1,500,2,8,25.17695226833628,1.269007682800293,float32,25.69152544116604,10.268251463606338,1.0,1.0,25.17695226833628,10.484556140807213,1.0,1.0,181377.38
lm_batch_likelihood_sentence_5_16d,178,229,0,228,0,0,0,2,89,11,3500,11.77313920671969,19.371713638305664,float64,31.77313920671969,13.870434537926398,1.0,1.0,31.77313920671969,13.8697219976235,1.0,1.0,3.500157466798148e+166
gm_queen5_5_4_wcsp,160,25,0,25,25,16,0,1,160,4,4,0.0,0.026966094970703125,float64,34.0,11.994936295237624,1.0,1.0,32.0,12.948033950328645,1.0,1.0,1.9278784178067015e-46
str_ctg_regular_02,75,150,0,150,0,0,0,1,75,2,3,0.0,0.015252113342285156,float32,31.84962500721156,11.677298208219414,1.0,1.0,29.60451250937503,12.732759339543799,1.0,1.0,57.96889
lm_batch_likelihood_sentence_4_20c,84,105,0,104,0,0,0,2,42,11,1900,10.89178370321831,43.291465759277344,complex128,31.638927701405056,12.342832817429503,1.0,1.0,28.17949608276776,12.394334413383207,1.0,1.0,(-1.2161783976245125e+89+2.083038704436919e+88j)
wmc_2022_038,4275,1245,1111,1245,653,52,100,1,3164,2,2,0.0,0.33574390411376953,float64,28.0,10.139961061566439,0.0001894533634185791,0.00048227762291479036,26.0,10.587264606027068,0.0010429918766021729,0.00492463493719697,3.279034371255094e-06
wmc_2022_004,490,140,0,139,139,19,0,2,489,2,2,0.0,0.05157470703125,float64,29.0,10.325576849585442,0.53125,0.999999273131805,27.0,11.14627006868627,0.5,0.9999964833259583,0.023839208252700927
mc_rw_s510.bench,635,236,32,232,224,25,0,1,603,2,2,0.0,0.044780731201171875,int32,32.0,11.328467035039758,5.185604095458984e-06,0.00940896414666355,29.0,11.241355389491245,4.827976226806641e-06,0.012488779448726572,33554432
mc_2023_188,14613,5248,93,5247,4862,947,0,13,13464,2,2,0.0,1.372100830078125,float64,20.0,9.211406211182998,1.71661376953125e-05,0.058398960097888815,19.0,9.243162930100214,1.9073486328125e-05,0.04912057499386465,2.5118778950201475e+117
str_ctg_lattice_02,555,1058,0,1058,0,0,0,1,555,2,4,0.0,0.18278789520263672,float32,27.509775004326936,11.170706278631236,1.0,1.0,26.60451250937503,11.279932908025954,1.0,1.0,241.83693
rnd_mixed_05,500,520,0,500,72,5,22,1,500,2,8,22.054095520550746,0.4104042053222656,float32,31.21252488315523,11.733552606611516,1.0,1.0,30.780166473613658,11.802867404160333,1.0,1.0,145.62631
rnd_mixed_11,1000,1020,0,1000,495,4,128,1,1000,2,5,16.1357092861044,0.20741939544677734,float32,29.661778097771986,10.929227725758393,1.0,1.0,29.339850002884624,11.049602844061493,1.0,1.0,321208.66
mc_2023_002,26556,16107,7229,6295,4305,19,4,9033,10295,2,2,0.0,2.064520835876465,float64,17.0,7.189646064699676,0.015625,0.2518139208067145,17.0,7.457456230927699,0.025390625,0.3054511547088623,1.8679658885792822e+139
lm_batch_likelihood_sentence_5_18c,178,229,0,228,0,0,0,2,89,11,3500,11.77313920671969,96.00558090209961,complex128,32.622764213931255,14.267829395066798,1.0,1.0,32.622764213931255,14.269112344354694,1.0,1.0,(-8.154490939047905e+190+1.7719088384000044e+192j)
gm_BN_13,125,125,0,110,73,8,0,1,125,2,2,0.0,0.02577972412109375,float64,32.0,11.419429951589136,1.0,1.0,30.0,12.371907137445596,1.0,1.0,1.0000000000000002
rnd_mixed_10,1000,1020,0,1000,510,4,111,1,1000,2,5,14.98370619265935,0.20627784729003906,float32,27.008384166375006,10.679447752628883,1.0,1.0,26.23044679115249,11.889369734349488,1.0,1.0,300329150.0
rnd_mixed_04,150,233,2,131,68,3,1,3,145,2,5,16.661778097771986,0.3792724609375,float64,32.75651560282008,11.888865252067353,1.0,1.0,29.416665599935456,12.576555598945808,1.0,1.0,768969259.4645619
str_ctg_lattice_03,405,768,0,768,0,0,0,1,405,2,6,0.0,0.3492240905761719,float32,32.62756238243407,12.761625246899797,1.0,1.0,29.738593694822818,13.39901133436003,1.0,1.0,59.957756
mc_2022_167,579972,349990,159987,139991,89994,7,0,190002,229984,2,2,0.0,37.7889986038208,int16,6.0,6.863982605347962,0.0625,0.5583839805669336,6.0,6.8712784027149,0.09375,0.6359598636627197,15000
mc_2020_062,155043,105896,18122,11351,11351,388,0,94546,42376,2,2,0.0,14.806768417358398,int64,25.0,10.410513161499395,6.103515625e-05,0.12956243237448853,24.0,10.580577451133923,5.173683166503906e-05,0.15327837462154895,1125899906842624
qc_circuit_n53_m12_s2_e8_pABCDCDAB_simplified,202,396,0,396,0,0,0,1,202,2,2,0.0,0.05916595458984375,complex128,25.0,9.882317843379383,1.0,1.0,24.0,9.967744536094234,1.0,1.0,(1.515618083112772e-08-6.634454187315749e-11j)
str_ctg_lattice_01,253,472,0,472,0,0,0,1,253,2,10,0.0,0.9813756942749023,float32,30.505306632383075,12.314716408894975,1.0,1.0,28.627562382434075,13.022601974989888,1.0,1.0,7.3040657
lm_first_last_brackets_4_16d,52,88,0,86,0,0,0,1,52,7,16,5.614709844115208,3.076507568359375,float64,29.614709844115207,12.754073210823082,1.0,1.0,28.0,12.849932111394143,1.0,1.0,3.1904679269674514e+84
mc_2021_065,361,139,0,139,134,18,0,1,361,2,2,0.0,0.04376029968261719,int64,26.0,9.36603236789636,0.013671875,0.055085422715395585,25.0,9.553856684307613,0.013671875,0.044938636347914555,298002010865664
rnd_mixed_12,1000,1020,0,1000,495,4,155,1,1000,2,5,18.28771237954945,0.20898151397705078,float32,33.79748738387639,12.232572522021561,1.0,1.0,32.32355619554397,13.499985667399406,1.0,1.0,31091515000.0
rnd_mixed_06,500,520,0,500,292,6,132,1,500,2,5,18.398743691938193,0.2783784866333008,float32,29.28934048020606,10.6531257956963,1.0,1.0,27.323556195543976,11.187174376105563,1.0,1.0,2001918.5
lm_batch_likelihood_brackets_4_12d,84,105,0,104,0,0,0,2,42,7,1996,10.96289600533726,2.8933229446411133,float64,28.11010093027949,10.993108065606108,1.0,1.0,25.302746008221884,11.090462780931057,1.0,1.0,2.61113060420311e+65
lm_batch_likelihood_brackets_3_16d,38,45,0,44,0,0,0,2,19,7,1196,10.224001674198105,1.4540529251098633,float64,29.875486128601334,10.398994757220613,1.0,1.0,26.224001674198107,10.72224440122305,1.0,1.0,1.3962446235214626e+30
wmc_2023_152,40489,17831,15744,3706,3656,2698,0,14128,10610,2,2,0.0,3.0087766647338867,float64,15.0,6.460249674463427,0.1875,0.6466495336823492,14.0,6.445754390267859,0.1875,0.8259740685802396,0.00015276423190852377
str_nw_mera_closed_120,120,176,0,176,0,0,0,1,120,3,81,0.0,9.43904972076416,float64,25.015090360463173,10.66295965623979,1.0,1.0,24.90851869626513,10.66592290895385,1.0,1.0,4.426391834420012e+140
rnd_mixed_07,500,520,0,500,373,6,171,1,500,2,8,24.791061114716953,1.4805612564086914,float32,31.183378537495713,11.63066554011637,1.0,1.0,30.46913301982959,12.647796447915036,1.0,1.0,83404520.0
lm_batch_likelihood_sentence_5_14c,178,229,0,228,0,0,0,2,89,11,3500,11.77313920671969,63.843241691589355,complex128,30.80991381700771,13.420480643892883,1.0,1.0,30.80991381700771,13.420943919241504,1.0,1.0,(4.1313188568718793e+173+2.028858804663936e+174j)
mc_rw_blockmap_05_01.net,2737,1410,518,1036,976,22,0,365,1855,2,2,0.0,0.15801143646240234,int16,30.0,11.10595361330142,2.2351741790771484e-07,0.026578165323981856,28.0,11.32730815394391,5.125999450683594e-05,0.025126779480861863,320
qc_maxcut_n28_r3_p3,266,364,0,364,0,0,0,1,266,2,2,0.0,0.010563850402832031,complex128,23.0,9.293679586657168,0.015625,0.6434110030388457,22.0,9.56836384668579,0.0625,0.5743917330856919,(1.8597659820023152e-06-3.439086252475022e-07j)
mc_rw_or-70-20-4,350,139,0,139,136,18,0,1,350,2,2,0.0,0.04308891296386719,float64,29.0,10.30064812988421,0.53125,0.9999995475868848,27.0,11.146046158487398,0.53125,0.9999859763474991,5.902958103587057e+20
str_ctg_lattice_04,621,1192,0,1192,0,0,0,1,621,2,3,0.0,0.116851806640625,float32,32.01955000865387,12.581602820138512,1.0,1.0,29.84962500721156,13.76049715637554,1.0,1.0,131.57738
mc_2021_074,480,80,366,80,80,6,0,1,114,2,2,0.0,0.05544757843017578,int32,28.0,10.328655884726485,0.04712104797363281,0.16956755110042585,28.0,10.323184299220777,0.043682098388671875,0.26413055259630547,1789840512
wmc_2023_036,10145,2708,1053,2703,2670,105,0,11,7987,2,2,0.0,0.8895063400268555,float64,27.0,10.925362280574982,9.551644325256348e-06,0.006810496437465295,26.0,11.651546211625368,5.364418029785156e-07,0.0045769113694202074,1.3432534678935874e-06
rnd_mixed_03,150,222,1,149,63,3,2,1,149,2,5,14.661778097771988,0.30583953857421875,float64,30.81540929187365,11.684295102728464,1.0,1.0,28.416665599935456,12.315800836650716,1.0,1.0,71339850991.44077
qc_circuit_n49_m14_s9_e6_pEFGH_simplified,228,446,0,446,0,0,0,1,228,2,2,0.0,0.06651592254638672,complex128,25.0,9.806616075418289,1.0,1.0,23.0,10.291366018735754,1.0,1.0,(-4.7323185064956094e-08-2.2242438566623255e-08j)
lm_batch_likelihood_sentence_4_14c,84,105,0,104,0,0,0,2,42,11,1900,10.89178370321831,21.10849094390869,complex128,29.580635010086024,11.432960295782918,1.0,1.0,26.121203391448727,11.46935840615781,1.0,1.0,(-9.009966659480827e+77+8.871363942099704e+75j)
mc_rw_c1908.isc,2053,751,277,751,751,53,0,1,1776,2,2,0.0,0.22170448303222656,int64,34.0,12.109516545542487,0.0014,0.00437,31.0,12.663508781481426,0.001953125,0.04950854460033471,8589934592
mc_2022_029,3075,1272,1099,670,424,51,96,1,1976,2,2,0.0,0.2602663040161133,float64,27.0,10.105658450620748,0.0008678436279296875,0.005243035555474426,27.0,10.015220836176317,0.0010249614715576172,0.006602843284111874,1.525569036622452e+127
rnd_mixed_02,100,113,0,83,56,4,3,3,98,2,5,16.983706192659348,0.43755054473876953,float64,31.568668693380506,11.719464401799087,1.0,1.0,29.475559288989025,12.18004245451615,1.0,1.0,148395482018.69672
qc_maxcut_n18_r17_p100,17136,32418,0,32418,0,0,0,1,17136,2,2,0.0,0.5741043090820312,complex128,18.0,10.50205322961988,0.25,0.9999964710132395,18.0,10.502053946959057,0.125,0.9999905974456101,(0.00036789512252259+0.0002071198773137765j)
qc_variational_29,406,116,203,87,59,4,0,30,174,2,2,29.0,0.03882789611816406,complex128,29.0,10.11039963659593,1.862645149230957e-09,1.513176363338322e-06,29.0,10.128016536251709,1.862645149230957e-09,8.389556038514176e-07,(1+0j)
mc_2021_075,350,139,0,139,135,20,0,1,350,2,2,0.0,0.04309558868408203,float64,27.0,9.697465232098773,0.53125,0.999997549728519,26.0,9.98164923607276,0.53125,0.9999940395355225,5.902958103587057e+20
mc_2021_arjun_171,1601,399,134,349,299,172,0,1,1467,2,2,0.0,1.3891019821166992,float64,25.0,9.684077688639908,0.01265716552734375,0.36206267967713057,25.0,9.710497427052324,0.008579254150390625,0.5922832202587474,3.4405862343456793e+69
str_nw_mera_closed_247,247,366,0,366,0,0,0,1,247,3,80,0.0,35.35427665710449,float64,31.978660627252744,12.394721261558987,1.0,1.0,29.46466464788573,13.22956679547115,1.0,1.0,5.175662744645824e+307
qc_rand_supremacy2d_1_12_400,1669,770,0,747,740,5,0,1,1669,2,2,23.0,0.17067527770996094,complex128,25.0,10.110780173452742,0.25,0.9999989689131755,23.0,10.223814589798712,0.25,0.9999996342631593,(13.651358204400294-14.5370635137286j)
qc_maxcut_n29_r4_p10,928,1479,0,1479,0,0,0,1,928,2,2,0.0,0.029410362243652344,complex128,29.0,12.287554633859964,0.125,0.9948850870132446,29.0,12.289222915340185,0.25,0.9955515821534638,(-2.282518107344954e-05+5.5496628137724365e-06j)
mc_rw_32.sk_4_38,13594,3827,1315,3296,3076,311,0,533,11737,2,2,0.0,0.9671401977539062,int32,30.0,11.383097366294392,7.450580596923828e-09,0.00011954859074726916,30.0,11.489836681417,1.1175870895385742e-08,0.001774481816953119,16777216
wmc_2021_130,5037,3276,889,729,366,20,0,2548,1601,2,2,0.0,0.4385652542114258,float64,12.0,5.877370193893493,0.1015625,0.8589491491909349,12.0,5.877845124959904,0.109375,0.8869554582045409,1.3790796297814e-235
mc_2023_199,504,84,391,84,84,6,0,1,113,2,2,0.0,0.08904170989990234,int64,30.0,10.73129964626808,0.024123787879943848,0.24307222795287506,28.0,11.164471222426721,0.06182241439819336,0.2371920513599352,44940880680
qc_circuits-14,3206,3561,0,3561,0,0,0,1,3206,2,2,0.0,0.29967498779296875,complex64,27.0,11.027867287208236,0.375,0.9999996879022575,27.0,11.051662244685579,0.375,0.9999995447595459,(-3.3453242e-09+1.651169e-09j)
wmc_2023_035,9049,2374,1758,2366,2366,16,0,15,2976,2,2,0.0,0.8178462982177734,float64,12.0,6.956388980687805,0.001953125,0.24357918098414974,12.0,6.952339029588705,0.002197265625,0.5171101586352972,6.886821884912414e-06
mc_rw_blasted_case1_b14_even3,4093,1318,1459,1294,1026,175,12,1,2634,2,2,0.0,0.4211750030517578,float64,23.0,9.788336098643153,3.4332275390625e-05,0.00814736704106454,23.0,9.831055696788823,3.4332275390625e-05,0.013822689652442932,5.316911983139664e+36
wmc_2023_141,230848,101712,92581,10394,10394,336,0,91319,46949,2,2,0.0,19.04220676422119,float64,24.0,10.379933205782715,2.384185791015625e-07,0.013324435918132213,24.0,10.483754772311697,1.430511474609375e-06,0.011921339781677887,0.01208482034767788
mc_rw_c7552.isc,8588,3184,876,3135,3002,128,0,4,7683,2,2,0.0,0.8268661499023438,float64,26.0,10.309621605353522,0.001953125,0.07714299926406058,24.0,10.356061621937275,0.001953125,0.1762226019670845,1.0284403483257538e+62
mc_2021_arjun_007,1760,516,562,470,356,149,0,3,1096,2,2,0.0,88.37233448028564,float64,36.0,13.165052606342323,0.00297,0.14808,31.0,13.579891292847178,0.0011796951293945312,0.17433931085010174,1.2433080907349864e+86
lm_batch_likelihood_sentence_4_18c,84,105,0,104,0,0,0,2,42,11,1900,10.89178370321831,33.76287364959717,complex128,27.57148370898756,12.120701545816237,1.0,1.0,27.57148370898756,12.120701545816237,1.0,1.0,(-5.151912328812634e+85-5.023790563805329e+84j)
gm_Promedas_33,1174,1174,0,1160,180,7,0,1,1174,2,2,0.0,0.10967731475830078,float64,35.0,12.440532793456125,0.07508468627929688,0.10194078087806702,30.0,13.263846866886798,0.056313514709472656,0.08163858012859565,0.9999999999999997
rnd_mixed_01,100,90,1,65,54,6,7,2,98,2,4,17.339850002884624,0.032733917236328125,float64,31.67970000576925,11.286993307906885,1.0,1.0,29.264662506490406,12.481135726069539,1.0,1.0,4271488061.8447065
mc_rw_log-1,3785,939,0,939,698,31,0,1,3785,2,2,0.0,0.3140602111816406,float64,35.0,12.308522082659458,7.748603820800781e-07,4.818662637262605e-05,32.0,12.506964408265157,2.384185791015625e-06,0.0007314101965482476,5.641535525114179e+20
str_mps_varying_inner_product_2000,2000,2998,0,2998,0,0,0,1,2000,2,31,0.0,91.3088207244873,float64,13.450051337274045,8.657080518935283,1.0,1.0,13.450051337274045,8.657080809723785,1.0,1.0,6.673370879036144e+31
str_nw_ftps_open_30,30,59,0,29,0,0,0,1,30,2,14,30.0,0.019472122192382812,float64,30.0,9.650342055457136,1.0,1.0,30.0,9.649942559350531,1.0,1.0,4.230930629912486e+19
gm_pedigree50,514,514,0,424,258,6,0,3,492,1,6,0.0,0.13671588897705078,float64,29.264662506490406,10.95208667092893,0.03854452446273434,0.8362620599901472,27.568668693380506,11.031956616439944,0.024434156378600823,0.8543288283641147,1.3201744275814297e-23
qc_circuit_patch_n53_m16_s19_e28_pABCDCDAB_simplified,268,525,0,525,0,0,0,2,136,2,2,0.0,0.07836151123046875,complex128,27.0,10.629342620101484,1.0,1.0,26.0,10.665110253278423,1.0,1.0,(1.590317514696979e-08+1.7207770797613747e-08j)
mc_rw_blasted_squaring12,5210,1507,1926,1499,1359,287,0,1,3284,2,2,0.0,0.5471067428588867,int64,33.0,12.870033341382372,0.0058327168226242065,0.20508340001106262,31.0,13.318899871383461,0.0009765625,0.18959871280769042,1865275930882
mc_2020_175,4817,3645,212,559,521,54,0,3087,1513,2,2,0.0,0.40781402587890625,float64,35.0,12.472044469947482,0.0005931854248046875,0.22135543823242188,32.0,12.848185884356441,0.00199127197265625,0.20364154017406322,2.544182050265636e+52
mc_2020_arjun_046,1045,169,174,169,169,72,0,1,871,2,2,0.0,0.5880899429321289,int64,24.0,9.083674787045025,0.005645751953125,0.21729599461536034,23.0,9.306740271382463,0.0017547607421875,0.24584028480513961,1032563576520
mc_2023_075,7998,2873,1183,2840,2615,104,0,7,6152,2,2,0.0,0.7779102325439453,float64,29.0,11.57196689709264,1.564621925354004e-06,2.1982435478254393e-05,28.0,12.49134047604833,0.000244140625,0.49832633619549016,1.4334366186401443e+104
lm_first_last_sentence_4_20d,52,88,0,86,0,0,0,1,52,11,20,6.918863237274595,8.272561073303223,float64,32.85043180659877,13.755745185546397,1.0,1.0,30.253496664211536,13.816464586699974,1.0,1.0,5.132546302249528e+94
str_nw_peps_closed_325,325,612,0,612,0,0,0,1,325,2,16,0.0,1.319911003112793,float64,32.405770958832164,12.564707198276908,1.0,1.0,29.17695226833628,13.399133027275903,1.0,1.0,1.3334587032852224e+298
qc_circuit_n47_m14_s0_e0_pEFGH,2082,2301,0,2301,0,0,0,1,2082,2,2,0.0,0.22442054748535156,complex128,30.0,11.463787371510065,0.375,0.99996168748425,28.0,12.9497714864064,0.375,0.9999997225620538,(-8.962845093280209e-08-1.642459754569725e-08j)
qc_circuits-1,2110,2322,0,2322,0,0,0,2,1065,2,2,0.0,0.2816600799560547,complex128,20.0,8.842399440308618,0.375,0.9999416262534793,20.0,8.867050440404823,0.375,0.9946251884676497,(-4.342511497869921e-09+1.0038880875000631e-08j)
wmc_2022_082,358,90,7,90,90,7,3,1,351,2,2,0.0,0.026081085205078125,float64,31.0,11.152351972763316,9.313225746154785e-10,0.00010733429052122033,30.0,11.430524643216707,2.9802322387695312e-08,0.28751454450666875,1.0
lm_first_last_sentence_4_16d,52,88,0,86,0,0,0,1,52,11,16,6.918863237274595,4.076507568359375,float64,30.918863237274593,12.84960665458688,1.0,1.0,28.0,12.8579647541972,1.0,1.0,4.535242201495474e+87
mc_rw_sat-grid-pbl-0020,781,420,0,420,420,8,0,1,781,2,2,0.0,0.13785362243652344,float64,28.0,12.344415853312663,0.15545654296875,0.854960537561029,28.0,12.344398710732138,0.04223513603210449,0.18812546625350055,5.0552900920380087e+95
mc_2020_017,78784,68611,3838,2377,2377,217,0,66234,8713,2,2,0.0,5.197381019592285,int32,22.0,9.646423303247674,6.103515625e-05,0.05105066103733827,22.0,9.732320076076736,6.103515625e-05,0.042473938316106796,536870912
qc_maxcut_n27_r6_p5,594,972,0,972,0,0,0,1,594,2,2,0.0,0.019074440002441406,complex128,27.0,11.427566496666005,0.25,0.9999998909517059,27.0,11.427752257925412,0.125,0.9999993142886966,(-8.867328353410117e-06-4.034991015084037e-06j)
str_nw_peps_closed_333,333,620,0,620,0,0,0,1,333,2,16,0.0,1.2229537963867188,float64,23.369597346278677,10.05407648504869,1.0,1.0,22.246740598493144,10.329445143895162,1.0,1.0,6.467831076672356e+294
qc_rand_supremacy2d_7_2_800,5122,2161,0,2140,2127,7,0,1,5122,2,2,21.0,0.3855600357055664,complex64,23.0,10.163080127046717,0.5,0.9999923831925881,21.0,10.259656331483965,0.5,0.9999999871604902,(5.023899-2.438531j)
lm_batch_likelihood_sentence_4_12d,84,105,0,104,0,0,0,2,42,11,1900,10.89178370321831,4.301551818847656,float64,25.231633706102937,11.071312602234704,1.0,1.0,25.231633706102937,11.071312602234704,1.0,1.0,2.610262659695748e+65
gm_mastermind_03_08_05-0000,3692,3692,0,3612,1255,43,0,1,3692,2,2,0.0,0.3989534378051758,float64,30.0,11.269985673394373,0.0001373291015625,0.06799180834777979,28.0,11.30762780473217,0.0010986328125,0.0767653816345926,1.0000000000000022
gm_queen5_5_3.wcsp,160,25,0,25,25,16,0,1,160,3,3,0.0,0.018421173095703125,float64,26.944362512259655,9.745384200203663,1.0,1.0,25.359400011538497,10.3303046738227,1.0,1.0,9.378806957591587e-114
rnd_oe_04,1668,1677,46,1622,0,0,0,89,1393,2,3,11.339850002884624,0.21938133239746094,float64,29.264662506490406,11.009753579087219,1.0,1.0,29.169925001442312,11.281604116180686,1.0,1.0,13344.484045537756
wmc_2021_183,420,140,0,138,138,23,0,3,418,2,2,0.0,0.047232627868652344,float64,28.0,9.879905010718527,0.53125,0.9999987350256109,27.0,9.85984735155704,0.53125,0.9999979434883366,1.0000000000000042
qc_circuits-2,3141,3483,0,3483,0,0,0,2,1594,2,2,0.0,0.2923746109008789,complex64,27.0,10.982838453831878,0.5,0.9999988702719779,27.0,10.986052013765974,0.5,0.9999996005998699,(3.867245e-09+4.02212e-09j)
str_nw_ftps_open_32,32,63,0,31,0,0,0,1,32,2,16,32.0,0.016103744506835938,float64,32.0,10.235049051370517,1.0,1.0,32.0,10.235049051370517,1.0,1.0,1.0062075446592668e+20
lm_batch_likelihood_brackets_4_4d,84,105,0,104,0,0,0,2,42,4,1996,10.96289600533726,1.7662897109985352,float64,18.96289600533726,8.374154066630128,1.0,1.0,18.96289600533726,8.374154066630128,1.0,1.0,5.529767350558956e+30
wmc_2021_187,537,200,13,174,171,17,0,26,499,2,2,0.0,0.056273460388183594,float64,31.0,10.925151638881921,0.53125,0.9999998240423106,29.0,11.178456831889791,0.53125,0.9916171248752806,0.0021326557479802756
lm_first_last_sentence_4_20c,52,88,0,86,0,0,0,1,52,11,20,6.918863237274595,33.08453369140625,complex128,32.85043180659877,13.755745185546397,1.0,1.0,30.253496664211536,13.816464586699974,1.0,1.0,(-3.052495474819555e+102+1.864652735793272e+101j)
lm_batch_likelihood_sentence_4_4d,84,105,0,104,0,0,0,2,42,4,1900,10.89178370321831,2.674501419067383,float64,18.89178370321831,8.463984834794873,1.0,1.0,18.89178370321831,8.463984834794873,1.0,1.0,1.187492650089297e+31
qc_qft_28,434,56,0,28,27,29,0,28,29,2,2,28.0,0.03273963928222656,complex64,28.0,9.428898838294907,0.5,0.9998801701450248,28.0,9.42890877898477,0.5,0.9998921639550942,(16383.999+0j)
rnd_oe_01,53,110,0,106,0,0,0,1,53,2,5,5.754887502163468,1.0673532485961914,float32,28.042599881712917,10.904090089562583,1.0,1.0,25.305634287546713,11.6584382295381,1.0,1.0,1109.5245
wmc_2022_051,523,130,1,130,130,12,0,1,522,2,2,0.0,0.07740211486816406,float64,30.0,11.222348187432647,0.0007510185241699219,0.03287231104098014,29.0,13.24605708281231,0.0005912184715270996,0.15963904559612274,0.39008512559075836
qc_circuits-7,1760,1944,0,1944,0,0,0,1,1760,2,2,0.0,0.16185855865478516,complex64,26.0,10.291229071107333,0.375,0.9999985836664317,26.0,10.286398662966151,0.375,0.9999984574063923,(2.6624477e-07+5.0843835e-07j)
wmc_2021_145,12086,3977,160,3975,3965,129,0,6,11221,2,2,0.0,1.1015243530273438,float64,31.0,11.850417667129005,1.1920928955078125e-06,0.00013373012192332623,28.0,12.071915353855434,1.7583370208740234e-05,0.0038121323676297506,1.7001936729333947e-268
mc_2023_arjun_133,3540,1219,954,982,860,247,0,118,2353,2,2,0.0,0.5184659957885742,float64,32.0,11.602146867681082,0.00726318359375,0.38890702033161423,29.0,11.850963318450601,0.01171112060546875,0.1686468852050178,1.153993063811609e+102
qc_maxcut_n24_r20_p10,2688,5064,0,5064,0,0,0,1,2688,2,2,0.0,0.08169078826904297,complex128,24.0,11.459794386074442,0.25,0.9999999460562278,24.0,11.45975646855494,0.25,0.9999999338351845,(-0.0002677583707635397+4.4822388992828304e-05j)
lm_batch_likelihood_sentence_4_8d,84,105,0,104,0,0,0,2,42,8,1900,10.89178370321831,3.1513471603393555,float64,22.89178370321831,10.037084268974056,1.0,1.0,22.89178370321831,10.037084268974056,1.0,1.0,3.9002818414828414e+52
rnd_oe_03,811,814,23,788,0,0,0,47,681,3,10,6.491853096329675,3.8174352645874023,float64,31.02630607437227,11.837021672761795,1.0,1.0,28.35972980809746,13.175975737889685,1.0,1.0,322.1037072199269
mc_2020_arjun_042,1264,207,170,207,207,69,0,1,1094,2,2,0.0,0.7825937271118164,int64,28.0,10.281656819619934,0.00017211586236953735,0.023644816319410483,26.0,10.9673969068565,0.00028693675994873047,0.06314405336873415,6620038196288
mc_2020_arjun_057,905,156,130,156,156,66,0,1,775,2,2,0.0,0.1661701202392578,int32,24.0,9.00927622160124,0.004636526107788086,0.05818085431723801,23.0,9.28492112075342,0.0012559890747070312,0.08897662162780762,1729612896
rnd_oe_02,77,117,0,115,0,0,0,1,77,2,10,4.906890595608519,0.7746543884277344,float32,27.29920801838728,11.856625800323473,1.0,1.0,27.2060986139958,12.342769319975885,1.0,1.0,2236.562
str_nw_mera_open_26,26,45,0,36,0,0,0,1,26,3,79,25.359400011538497,6.098482131958008,float64,25.359400011538497,10.491794804755024,1.0,1.0,25.359400011538497,10.492531008379308,1.0,1.0,7.022230083343578e+41
lm_first_last_sentence_4_16c,52,88,0,86,0,0,0,1,52,11,16,6.918863237274595,16.30031967163086,complex128,30.918863237274593,12.84960665458688,1.0,1.0,28.0,12.8579647541972,1.0,1.0,(-3.564239328383069e+95-1.7334808599184317e+93j)
